"annotation_id","annotator","created_at","id","label","lead_time","text","updated_at"
1,"1","2025-01-25T12:11:09.211264Z",108,"[{""start"":6,""end"":19,""text"":""Omar Marmoush"",""labels"":[""PLAYR""]},{""start"":181,""end"":196,""text"":""Manchester City"",""labels"":[""TEAM""]}]",18.597,"While Omar Marmoush has been a relatively successful goalscorer in the German Bundesliga for a few seasons, he has had to patiently wait for his big break before being announced as Manchester City' s third January signing on Thursday after a prolific start to the season.","2025-01-25T12:11:09.211264Z"
2,"1","2025-01-25T12:11:24.308029Z",109,"[{""start"":27,""end"":40,""text"":""Mohamed Salah"",""labels"":[""PLAYR""]},{""start"":58,""end"":66,""text"":""Marmoush"",""labels"":[""PLAYR""]},{""start"":15,""end"":24,""text"":""Liverpool"",""labels"":[""TEAM""]}]",14.66,"A team-mate of Liverpool's Mohamed Salah for his country, Marmoush has become one of the breakout stars in Europe this season with 20 goals in 26 games for Frankfurt - 15 in the Bundesliga.","2025-01-25T12:11:24.308029Z"
3,"1","2025-01-25T12:11:33.042192Z",110,"[{""start"":13,""end"":21,""text"":""AC Milan"",""labels"":[""TEAM""]},{""start"":49,""end"":64,""text"":""Manchester City"",""labels"":[""TEAM""]},{""start"":73,""end"":84,""text"":""Kyle Walker"",""labels"":[""PLAYR""]}]",8.344,"Italian club AC Milan have agreed a deal to sign Manchester City captain Kyle Walker on loan for the remainder of the season.","2025-01-25T12:11:33.042192Z"
4,"1","2025-01-25T12:11:42.082227Z",111,"[{""start"":0,""end"":8,""text"":""AC Milan"",""labels"":[""TEAM""]},{""start"":36,""end"":53,""text"":""Manchester United"",""labels"":[""TEAM""]},{""start"":62,""end"":77,""text"":""Marcus Rashford"",""labels"":[""PLAYR""]}]",8.657,"AC Milan have also been linked with Manchester United forward Marcus Rashford but registration rules in Italy mean they are only able to sign one player from the UK during the current transfer window.","2025-01-25T12:11:42.082227Z"
5,"1","2025-01-25T12:11:59.184369Z",112,"[{""start"":32,""end"":36,""text"":""City"",""labels"":[""TEAM""]},{""start"":45,""end"":53,""text"":""West Ham"",""labels"":[""TEAM""]}]",16.671,"The full-back last featured for City against West Ham on 4 January, after which he told manager Pep Guardiola he wanted to explore his options around a potential move abroad.","2025-01-25T12:11:59.184369Z"
6,"1","2025-01-25T12:12:41.534146Z",113,"[{""start"":11,""end"":22,""text"":""Amad Diallo"",""labels"":[""PLAYR""]},{""start"":100,""end"":107,""text"":""Rangers"",""labels"":[""TEAM""]},{""start"":35,""end"":46,""text"":""Ross County"",""labels"":[""TEAM""]}]",41.926,"The moment Amad Diallo appeared at Ross County's back post to score five minutes into his debut for Rangers in January 2022, some of the 19-year-old's new team-mates looked at each other with a sense of excitement and anticipation.","2025-01-25T12:12:41.534146Z"
7,"1","2025-01-25T12:14:28.732683Z",114,"[{""start"":51,""end"":65,""text"":""James Maddison"",""labels"":[""PLAYR""]},{""start"":90,""end"":98,""text"":""Aberdeen"",""labels"":[""TEAM""]},{""start"":128,""end"":135,""text"":""Rangers"",""labels"":[""TEAM""]},{""start"":140,""end"":144,""text"":""Dons"",""labels"":[""TEAM""]}]",106.718,"""Watching him in training, he reminded me a bit of James Maddison, who I'd played with at Aberdeen,"" says Ryan Jack, the former Rangers and Dons man.","2025-01-25T12:14:28.732683Z"
8,"1","2025-01-25T12:14:45.080069Z",115,"[{""start"":31,""end"":37,""text"":""Diallo"",""labels"":[""PLAYR""]},{""start"":50,""end"":57,""text"":""Arfield"",""labels"":[""PLAYR""]},{""start"":59,""end"":71,""text"":""Aaron Ramsey"",""labels"":[""PLAYR""]},{""start"":73,""end"":82,""text"":""Joe Aribo"",""labels"":[""PLAYR""]},{""start"":87,""end"":99,""text"":""Scott Wright"",""labels"":[""PLAYR""]},{""start"":165,""end"":184,""text"":""Heart of Midlothian"",""labels"":[""TEAM""]},{""start"":208,""end"":221,""text"":""Dundee United"",""labels"":[""TEAM""]}]",15.853,"The intensity was too much and Diallo faded away. Arfield, Aaron Ramsey, Joe Aribo and Scott Wright were all given time in his position. He got five minutes against Heart of Midlothian and 17 minutes against Dundee United.","2025-01-25T12:14:45.080069Z"
9,"1","2025-01-25T12:15:29.849296Z",116,"[{""start"":0,""end"":15,""text"":""Manchester City"",""labels"":[""TEAM""]},{""start"":81,""end"":97,""text"":""Paris St-Germain"",""labels"":[""TEAM""]},{""start"":105,""end"":114,""text"":""Liverpool"",""labels"":[""TEAM""]},{""start"":128,""end"":135,""text"":""Arsenal"",""labels"":[""TEAM""]},{""start"":157,""end"":168,""text"":""Aston Villa"",""labels"":[""TEAM""]},{""start"":173,""end"":179,""text"":""Celtic"",""labels"":[""TEAM""]}]",44.314,"Manchester City are in major danger of elimination after Wednesday's collapse at Paris St-Germain, while Liverpool are through, Arsenal are almost there and Aston Villa and Celtic - who meet - are somewhere in between.","2025-01-25T12:15:29.849296Z"
10,"1","2025-01-25T12:15:56.946895Z",117,"[{""start"":0,""end"":15,""text"":""Marcus Rashford"",""labels"":[""PLAYR""]},{""start"":47,""end"":64,""text"":""Manchester United"",""labels"":[""TEAM""]}]",26.662,"Marcus Rashford accepts he may have to stay at Manchester United for the rest of the season after failing to secure a move in the first three and a half weeks of the transfer window.","2025-01-25T12:15:56.946895Z"
11,"1","2025-01-25T12:16:07.949331Z",118,"[{""start"":0,""end"":8,""text"":""Rashford"",""labels"":[""PLAYR""]}]",10.584,"Rashford decided against a permanent transfer to Saudi Arabia, where several clubs were interested, and other options have been explored.","2025-01-25T12:16:07.949331Z"
12,"1","2025-01-25T12:16:16.543506Z",119,"[{""start"":10,""end"":15,""text"":""Milan"",""labels"":[""TEAM""]},{""start"":59,""end"":70,""text"":""Kyle Walker"",""labels"":[""PLAYR""]},{""start"":76,""end"":91,""text"":""Manchester City"",""labels"":[""TEAM""]}]",8.198,"A loan to Milan proved unworkable because they are signing Kyle Walker from Manchester City until the end of the season.","2025-01-25T12:16:16.543506Z"
13,"1","2025-01-25T12:16:45.063432Z",120,"[{""start"":233,""end"":246,""text"":""Bayern Munich"",""labels"":[""TEAM""]},{""start"":249,""end"":259,""text"":""Harry Kane"",""labels"":[""PLAYR""]},{""start"":264,""end"":280,""text"":""Bayer Leverkusen"",""labels"":[""TEAM""]},{""start"":283,""end"":296,""text"":""Florian Wirtz"",""labels"":[""PLAYR""]}]",28.083,"With 27 Bundesliga goals and 15 assists across 1½ seasons at Eintracht, plus a handful more of each in Europe, the forward reveled in the spotlight and leads the league for goal contributions this season, outpacing megastars such as Bayern Munich's Harry Kane and Bayer Leverkusen's Florian Wirtz.","2025-01-25T12:16:45.063432Z"
14,"1","2025-01-25T12:17:59.449511Z",121,"[{""start"":28,""end"":32,""text"":""City"",""labels"":[""TEAM""]}]",73.963,"There have been times where City have simply looked a bit old and a bit slow, and that bears out in another statistic: Their successful take-on rate per 90 minutes is 48.4%, again the lowest of the Guardiola era.","2025-01-25T12:17:59.449511Z"
15,"1","2025-01-25T12:18:10.022219Z",122,"[{""start"":166,""end"":184,""text"":""Abdukodir Khusanov"",""labels"":[""PLAYR""]}]",10.113,"The Lens scout who travelled to the Under-20 Asian Cup in Uzbekistan in March 2023 went with one mission: to confirm the talent of 19-year-old Uzbekistan centre-back Abdukodir Khusanov.","2025-01-25T12:18:10.022219Z"
16,"1","2025-01-25T12:18:44.827372Z",123,"[{""start"":39,""end"":47,""text"":""Khusanov"",""labels"":[""PLAYR""]}]",34.37,"The club had a three-year plan to make Khusanov into one of the best centre-backs in France, but it took only 18 months.","2025-01-25T12:18:44.827372Z"
17,"1","2025-01-25T12:18:59.286597Z",124,"[{""start"":70,""end"":81,""text"":""Kevin Danso"",""labels"":[""PLAYR""]},{""start"":86,""end"":101,""text"":""Neil El Aynaoui"",""labels"":[""PLAYR""]},{""start"":113,""end"":117,""text"":""Lens"",""labels"":[""TEAM""]}]",14.035,"After missing out on €40m in transfer fees last summer when exits for Kevin Danso and Neil El Aynaoui collapsed, Lens needed to bring in funds to balance their books this January.","2025-01-25T12:18:59.286597Z"
18,"1","2025-01-25T12:19:46.835048Z",125,"[{""start"":71,""end"":86,""text"":""Manchester City"",""labels"":[""TEAM""]}]",47.075,"One of the world's top agents, Jorge Mendes, brokered the transfer and Manchester City moved quickly this month to bolster their ailing defence.","2025-01-25T12:19:46.835048Z"
19,"1","2025-01-25T12:20:19.635909Z",126,"[{""start"":0,""end"":15,""text"":""Plymouth Argyle"",""labels"":[""TEAM""]},{""start"":24,""end"":40,""text"":""Morgan Whittaker"",""labels"":[""PLAYR""]},{""start"":112,""end"":119,""text"":""Burnley"",""labels"":[""TEAM""]}]",32.389,"Plymouth Argyle forward Morgan Whittaker missed his side's 5-0 Championship loss to touted transfer destination Burnley as he ""did not show up"" in time for the game.","2025-01-25T12:20:19.635909Z"
20,"1","2025-01-25T12:22:57.677963Z",127,"[{""start"":0,""end"":9,""text"":""Whittaker"",""labels"":[""PLAYR""]},{""start"":22,""end"":28,""text"":""Argyle"",""labels"":[""TEAM""]}]",157.574,"Whittaker, who scored Argyle's winning goal in the FA Cup third-round tie at Brentford this month, was spotted in the stands during the game.","2025-01-25T12:22:57.677963Z"
21,"1","2025-01-25T12:23:22.103515Z",128,"[{""start"":0,""end"":16,""text"":""Heather O'Reilly"",""labels"":[""PLAYR""]}]",24.009,"Heather O'Reilly had scored the game's final goal, dragging world number ones and two-time champions United States to a 2-2 draw in their opening match at the 2007 Women's World Cup.","2025-01-25T12:23:22.103515Z"
22,"1","2025-01-25T12:23:31.272367Z",129,"[{""start"":0,""end"":6,""text"":""Celtic"",""labels"":[""TEAM""]},{""start"":88,""end"":100,""text"":""Loris Benito"",""labels"":[""PLAYR""]},{""start"":149,""end"":159,""text"":""Young Boys"",""labels"":[""TEAM""]}]",8.752,"Celtic clinched Champions League knockout football for the first time in 12 years after Loris Benito's late own goal secured a dramatic victory over Young Boys on a nerve-shredding night in Glasgow.","2025-01-25T12:23:31.272367Z"
23,"1","2025-01-25T12:23:54.298126Z",130,"[{""start"":96,""end"":101,""text"":""Kyogo"",""labels"":[""PLAYR""]},{""start"":200,""end"":215,""text"":""Callum McGregor"",""labels"":[""PLAYR""]}]",22.614,"That sparked frenzied celebrations in the stands after an incredible first half of frustration. Kyogo had strayed offside for his first disallowed goal, while the second was ruled out after a foul by Callum McGregor in the build-up","2025-01-25T12:23:54.298126Z"
24,"1","2025-01-25T12:24:02.365421Z",131,"[{""start"":0,""end"":13,""text"":""Kylian Mbappe"",""labels"":[""PLAYR""]},{""start"":30,""end"":41,""text"":""Real Madrid"",""labels"":[""TEAM""]},{""start"":67,""end"":77,""text"":""Las Palmas"",""labels"":[""TEAM""]}]",7.713,"Kylian Mbappe scored twice as Real Madrid came from behind to beat Las Palmas and go top of La Liga.","2025-01-25T12:24:02.365421Z"
25,"1","2025-01-25T12:24:15.311796Z",132,"[{""start"":0,""end"":4,""text"":""Real"",""labels"":[""TEAM""]},{""start"":96,""end"":102,""text"":""Mbappe"",""labels"":[""PLAYR""]},{""start"":128,""end"":143,""text"":""Jude Bellingham"",""labels"":[""PLAYR""]}]",12.542,"Real had three goals ruled out for offside, including what would have been a hat-trick goal for Mbappe while England midfielder Jude Bellingham missed a host of chances.","2025-01-25T12:24:15.311796Z"
26,"1","2025-01-25T12:24:22.528085Z",133,"[{""start"":0,""end"":11,""text"":""Real Madrid"",""labels"":[""TEAM""]},{""start"":20,""end"":33,""text"":""Kylian Mbappe"",""labels"":[""PLAYR""]}]",6.757,"Real Madrid striker Kylian Mbappe says a ""mentality issue"" prevented him from finding his best form earlier this season.","2025-01-25T12:24:22.528085Z"
27,"1","2025-01-25T12:25:03.402902Z",134,"[{""start"":41,""end"":50,""text"":""Liverpool"",""labels"":[""TEAM""]},{""start"":79,""end"":94,""text"":""Athletic Bilbao"",""labels"":[""TEAM""]},{""start"":112,""end"":118,""text"":""Madrid"",""labels"":[""TEAM""]}]",40.432,"That run included penalty misses against Liverpool in the Champions League and Athletic Bilbao in La Liga, with Madrid losing both matches.","2025-01-25T12:25:03.402902Z"
28,"1","2025-01-25T12:25:52.531541Z",135,"[{""start"":16,""end"":24,""text"":""Seagulls"",""labels"":[""TEAM""]},{""start"":90,""end"":96,""text"":""Celtic"",""labels"":[""TEAM""]}]",48.637,"She becomes the Seagulls' first signing of the January window, having played 26 times for Celtic this season in all competitions.","2025-01-25T12:25:52.531541Z"
29,"1","2025-01-25T12:26:19.338910Z",136,"[{""start"":17,""end"":28,""text"":""Hayley Ladd"",""labels"":[""PLAYR""]},{""start"":0,""end"":5,""text"":""Wales"",""labels"":[""TEAM""]},{""start"":92,""end"":109,""text"":""Manchester United"",""labels"":[""TEAM""]},{""start"":113,""end"":120,""text"":""Everton"",""labels"":[""TEAM""]}]",26.39,"Wales midfielder Hayley Ladd has not found things easy this season, but a January move from Manchester United to Everton could be just what she needed.","2025-01-25T12:26:19.338910Z"
30,"1","2025-01-25T12:26:54.055781Z",137,"[{""start"":112,""end"":129,""text"":""Dominique Janssen"",""labels"":[""PLAYR""]}]",34.276,"She had been a key player under manager Marc Skinner but began to be overlooked following the summer arrival of Dominique Janssen.","2025-01-25T12:26:54.055781Z"
31,"1","2025-01-25T12:27:11.486886Z",138,"[{""start"":19,""end"":25,""text"":""United"",""labels"":[""TEAM""]},{""start"":27,""end"":31,""text"":""Ladd"",""labels"":[""PLAYR""]}]",17.056,"During her time at United, Ladd played in front of a vocal fan base at Leigh Sports Village.","2025-01-25T12:27:11.486886Z"
32,"1","2025-01-25T12:28:06.109875Z",139,"[{""start"":19,""end"":26,""text"":""Everton"",""labels"":[""TEAM""]},{""start"":73,""end"":77,""text"":""Ladd"",""labels"":[""PLAYR""]}]",54.191,"It is a new era at Everton under the ownership of the Freidkin Group and Ladd is one of five players to join this month as Sorensen adds more depth.","2025-01-25T12:28:06.109875Z"
33,"1","2025-01-25T12:28:15.693643Z",140,"[{""start"":16,""end"":27,""text"":""Lily Murphy"",""labels"":[""PLAYR""]},{""start"":39,""end"":54,""text"":""Manchester City"",""labels"":[""TEAM""]},{""start"":64,""end"":81,""text"":""Manchester United"",""labels"":[""TEAM""]}]",9.109,"Teenage forward Lily Murphy starred as Manchester City defeated Manchester United 2-1 to reach the semi-finals of the Women's League Cup.","2025-01-25T12:28:15.693643Z"
34,"1","2025-01-25T12:28:35.700831Z",141,"[{""start"":32,""end"":39,""text"":""Arsenal"",""labels"":[""TEAM""]},{""start"":68,""end"":75,""text"":""Chelsea"",""labels"":[""TEAM""]},{""start"":86,""end"":94,""text"":""Brighton"",""labels"":[""TEAM""]},{""start"":103,""end"":109,""text"":""Durham"",""labels"":[""TEAM""]}]",19.57,"There were big wins for holders Arsenal and last season's finalists Chelsea, who beat Brighton 4-0 and Durham 5-0 respectively.","2025-01-25T12:28:35.700831Z"
35,"1","2025-01-25T12:28:57.901977Z",142,"[{""start"":0,""end"":4,""text"":""City"",""labels"":[""TEAM""]},{""start"":27,""end"":33,""text"":""Murphy"",""labels"":[""PLAYR""]},{""start"":114,""end"":127,""text"":""Millie Turner"",""labels"":[""PLAYR""]},{""start"":139,""end"":143,""text"":""City"",""labels"":[""TEAM""]},{""start"":196,""end"":202,""text"":""United"",""labels"":[""TEAM""]}]",21.786,"City's 18-year-old forward Murphy scored and assisted in the first half at Leigh Sports Village, either side of a Millie Turner strike, as City avenged Sunday's 4-2 Women's Super League defeat by United.","2025-01-25T12:28:57.901977Z"
36,"1","2025-01-25T12:29:17.124447Z",143,"[{""start"":20,""end"":37,""text"":""Elisabeth Terland"",""labels"":[""PLAYR""]},{""start"":91,""end"":97,""text"":""United"",""labels"":[""TEAM""]}]",18.782,"The introduction of Elisabeth Terland early in the second half injected fresh impetus into United's attacks, but the Norwegian striker volleyed wide when gifted a chance to equalise.","2025-01-25T12:29:17.124447Z"
37,"1","2025-01-25T12:29:35.841536Z",144,"[{""start"":46,""end"":54,""text"":""Brighton"",""labels"":[""TEAM""]},{""start"":108,""end"":125,""text"":""Mariona Caldentey"",""labels"":[""PLAYR""]},{""start"":185,""end"":197,""text"":""Melina Loeck"",""labels"":[""PLAYR""]},{""start"":208,""end"":220,""text"":""Frida Maanum"",""labels"":[""PLAYR""]}]",18.258,"The holders were frustrated for 65 minutes by Brighton's determined defensive performance before substitute Mariona Caldentey changed the game, pouncing on a loose pass from goalkeeper Melina Loeck to set up Frida Maanum's opener.","2025-01-25T12:29:35.841536Z"
38,"1","2025-01-25T12:29:59.429131Z",145,"[{""start"":31,""end"":43,""text"":""Katie McCabe"",""labels"":[""PLAYR""]},{""start"":54,""end"":61,""text"":""Arsenal"",""labels"":[""TEAM""]},{""start"":96,""end"":105,""text"":""Caldentey"",""labels"":[""PLAYR""]},{""start"":144,""end"":161,""text"":""Kyra Cooney-Cross"",""labels"":[""PLAYR""]},{""start"":8,""end"":16,""text"":""Brighton"",""labels"":[""TEAM""]}]",23.173,"Another Brighton error allowed Katie McCabe to double Arsenal's lead three minutes later before Caldentey turned provider once again, teeing up Kyra Cooney-Cross, who curled home a rocket from outside the box.","2025-01-25T12:29:59.429131Z"
39,"1","2025-01-25T12:30:25.808240Z",146,"[{""start"":157,""end"":175,""text"":""Aggie Beever-Jones"",""labels"":[""PLAYR""]},{""start"":0,""end"":6,""text"":""Durham"",""labels"":[""TEAM""]}]",25.947,"Durham, the lowest-ranked side left in the competition, held their own for the first 45 minutes and went into the break only 1-0 down, having conceded to an Aggie Beever-Jones header.","2025-01-25T12:30:25.808240Z"
40,"1","2025-01-25T12:31:31.713689Z",147,"[{""start"":0,""end"":5,""text"":""Spurs"",""labels"":[""TEAM""]},{""start"":28,""end"":41,""text"":""Martha Thomas"",""labels"":[""PLAYR""]},{""start"":79,""end"":92,""text"":""Eleanor Heeps"",""labels"":[""PLAYR""]},{""start"":148,""end"":157,""text"":""Tottenham"",""labels"":[""TEAM""]},{""start"":172,""end"":180,""text"":""West Ham"",""labels"":[""TEAM""]},{""start"":212,""end"":226,""text"":""Seraina Piubel"",""labels"":[""PLAYR""]}]",65.429,"Spurs took the lead through Martha Thomas, who guided her header expertly past Eleanor Heeps on 10 minutes. Despite their early dominance, however, Tottenham conceded from West Ham's first shot on target through Seraina Piubel.","2025-01-25T12:31:31.713689Z"
41,"1","2025-01-25T12:31:47.202720Z",148,"[{""start"":0,""end"":12,""text"":""Kirsty Smith"",""labels"":[""PLAYR""]},{""start"":67,""end"":74,""text"":""Hammers"",""labels"":[""TEAM""]}]",15.047,"Kirsty Smith's free-kick on the stroke of half-time won it for the Hammers as her long-range ball evaded everyone in the penalty area and found a way inside the post.","2025-01-25T12:31:47.202720Z"
42,"1","2025-01-25T12:33:47.923764Z",149,"[{""start"":0,""end"":7,""text"":""Arsenal"",""labels"":[""TEAM""]},{""start"":48,""end"":66,""text"":""Gabriel Martinelli"",""labels"":[""PLAYR""]},{""start"":94,""end"":105,""text"":""Declan Rice"",""labels"":[""PLAYR""]},{""start"":116,""end"":127,""text"":""Kai Havertz"",""labels"":[""PLAYR""]},{""start"":178,""end"":184,""text"":""Zagreb"",""labels"":[""TEAM""]},{""start"":192,""end"":205,""text"":""Ivan Nevistic"",""labels"":[""PLAYR""]}]",120.306,"Arsenal took the lead in the second minute when Gabriel Martinelli's cross was cushioned into Declan Rice's path by Kai Havertz and the England midfielder hammered the ball past Zagreb keeper Ivan Nevistic.","2025-01-25T12:33:47.923764Z"
43,"1","2025-01-25T12:34:00.853601Z",150,"[{""start"":4,""end"":11,""text"":""Gunners"",""labels"":[""TEAM""]},{""start"":37,""end"":41,""text"":""Rice"",""labels"":[""PLAYR""]},{""start"":76,""end"":84,""text"":""Odegaard"",""labels"":[""PLAYR""]},{""start"":108,""end"":115,""text"":""Gabriel"",""labels"":[""PLAYR""]}]",12.47,"The Gunners could have scored more - Rice had a shot blocked after a clever Odegaard pass while centre-back Gabriel headed wide from the edge of the six-yard-box from a corner.","2025-01-25T12:34:00.853601Z"
44,"1","2025-01-25T12:34:08.497417Z",151,"[{""start"":0,""end"":16,""text"":""Paris St-Germain"",""labels"":[""TEAM""]},{""start"":25,""end"":42,""text"":""Randal Kolo Muani"",""labels"":[""PLAYR""]},{""start"":54,""end"":62,""text"":""Juventus"",""labels"":[""TEAM""]}]",7.236,"Paris St-Germain forward Randal Kolo Muani has joined Juventus on loan until the end of the season.","2025-01-25T12:34:08.497417Z"
45,"1","2025-01-25T12:34:44.938342Z",152,"[{""start"":0,""end"":10,""text"":""Kolo Muani"",""labels"":[""PLAYR""]},{""start"":109,""end"":128,""text"":""Eintracht Frankfurt"",""labels"":[""TEAM""]},{""start"":69,""end"":75,""text"":""Nantes"",""labels"":[""TEAM""]}]",36.033,"Kolo Muani grew up in the outskirts of Paris and began his career at Nantes before moving to Bundesliga club Eintracht Frankfurt.","2025-01-25T12:34:44.938342Z"
46,"1","2025-01-25T12:35:28.773720Z",153,"[{""start"":13,""end"":23,""text"":""Fenerbahce"",""labels"":[""TEAM""]},{""start"":48,""end"":60,""text"":""Diego Carlos"",""labels"":[""PLAYR""]},{""start"":66,""end"":77,""text"":""Aston Villa"",""labels"":[""TEAM""]}]",43.377,"Turkish side Fenerbahce have signed centre-back Diego Carlos from Aston Villa for an undisclosed fee.","2025-01-25T12:35:28.773720Z"
47,"1","2025-01-25T12:35:38.212188Z",154,"[{""start"":0,""end"":11,""text"":""Real Madrid"",""labels"":[""TEAM""]},{""start"":121,""end"":138,""text"":""Red Bull Salzburg"",""labels"":[""TEAM""]}]",9.025,"Real Madrid gave their ambitions to defend their Champions League title a huge boost with a comfortable win to eliminate Red Bull Salzburg.","2025-01-25T12:35:38.212188Z"
48,"1","2025-01-25T12:37:46.760404Z",155,"[{""start"":153,""end"":160,""text"":""Rodrygo"",""labels"":[""PLAYR""]},{""start"":181,""end"":194,""text"":""Kylian Mbappe"",""labels"":[""PLAYR""]},{""start"":208,""end"":219,""text"":""Vinicius Jr"",""labels"":[""PLAYR""]},{""start"":47,""end"":53,""text"":""Madrid"",""labels"":[""TEAM""]}]",128.092,"After losing three of their opening six games, Madrid looked more like their usual selves as they dispatched the Austrians with a first-half double from Rodrygo, before a goal from Kylian Mbappe and two from Vinicius Jr - taking his tally to 101 for the club - followed after the break.","2025-01-25T12:37:46.760404Z"
49,"1","2025-01-25T12:38:06.033147Z",156,"[{""start"":0,""end"":8,""text"":""Vinicius"",""labels"":[""PLAYR""]},{""start"":119,""end"":130,""text"":""Luka Modric"",""labels"":[""PLAYR""]},{""start"":219,""end"":227,""text"":""Blaswich"",""labels"":[""PLAYR""]}]",18.853,"Vinicius, who moved to seven goals in six Champions League games, made it 4-0 after 55 minutes, collecting a brilliant Luka Modric pass and cutting into the box from the left before curling a right-footed effort beyond Blaswich.","2025-01-25T12:38:06.033147Z"
50,"1","2025-01-25T12:38:15.181128Z",157,"[{""start"":0,""end"":7,""text"":""Rodrygo"",""labels"":[""PLAYR""]},{""start"":34,""end"":42,""text"":""Vinicius"",""labels"":[""PLAYR""]},{""start"":47,""end"":53,""text"":""Mbappe"",""labels"":[""PLAYR""]}]",8.751,"Rodrygo, often less heralded than Vinicius and Mbappe, continues to be a reliable source of quality and important goals.","2025-01-25T12:38:15.181128Z"
51,"1","2025-01-25T12:40:13.831630Z",158,"[{""start"":11,""end"":17,""text"":""Mbappe"",""labels"":[""PLAYR""]},{""start"":86,""end"":92,""text"":""Madrid"",""labels"":[""TEAM""]}]",118.263,"Meanwhile, Mbappe, who is finally starting to meet expectations after a poor start in Madrid, became only the eighth player to register 75 Champions League goal involvements.","2025-01-25T12:40:13.831630Z"
52,"1","2025-01-25T12:40:48.746022Z",159,"[{""start"":0,""end"":13,""text"":""Leon Goretzka"",""labels"":[""PLAYR""]},{""start"":30,""end"":43,""text"":""Bayern Munich"",""labels"":[""TEAM""]},{""start"":60,""end"":69,""text"":""Wolfsburg"",""labels"":[""TEAM""]}]",34.498,"Leon Goretzka scored twice as Bayern Munich held on against Wolfsburg to go seven points clear at the top of the Bundesliga table.","2025-01-25T12:40:48.746022Z"
53,"1","2025-01-25T12:42:39.370761Z",160,"[{""start"":4,""end"":17,""text"":""Michael Olise"",""labels"":[""PLAYR""]},{""start"":180,""end"":193,""text"":""Kamil Grabara"",""labels"":[""PLAYR""]},{""start"":39,""end"":53,""text"":""Crystal Palace"",""labels"":[""TEAM""]},{""start"":71,""end"":77,""text"":""Bayern"",""labels"":[""TEAM""]},{""start"":159,""end"":168,""text"":""Wolfsburg"",""labels"":[""TEAM""]}]",110.227,"But Michael Olise, a £45m signing from Crystal Palace last summer, put Bayern back in front six minutes before the break with his 10th goal of the season when Wolfsburg goalkeeper Kamil Grabara spilled the France international's long-range effort.","2025-01-25T12:42:39.370761Z"
54,"1","2025-01-25T12:43:27.689749Z",161,"[{""start"":0,""end"":6,""text"":""Bayern"",""labels"":[""TEAM""]},{""start"":45,""end"":53,""text"":""Goretzka"",""labels"":[""PLAYR""]},{""start"":123,""end"":128,""text"":""Olise"",""labels"":[""PLAYR""]}]",47.874,"Bayern did go 3-1 up in the 62nd minute when Goretzka struck his second of the afternoon just after the hour mark, heading Olise's free-kick into the bottom corner.","2025-01-25T12:43:27.689749Z"
55,"1","2025-01-25T12:43:53.217999Z",162,"[{""start"":0,""end"":15,""text"":""Estevao Willian"",""labels"":[""PLAYR""]}]",25.147,"Estevao Willian has been awarded two individual awards for his performances in the Brasileiro during 2024.","2025-01-25T12:43:53.217999Z"
56,"1","2025-01-25T12:44:41.035777Z",163,"[{""start"":9,""end"":26,""text"":""Borussia Dortmund"",""labels"":[""TEAM""]},{""start"":31,""end"":40,""text"":""Barcelona"",""labels"":[""TEAM""]}]",47.403,"Preview: Borussia Dortmund vs. Barcelona - prediction, team news, lineups","2025-01-25T12:44:41.035777Z"
57,"1","2025-01-25T12:46:24.051905Z",164,"[{""start"":0,""end"":17,""text"":""Nottingham Forest"",""labels"":[""TEAM""]},{""start"":23,""end"":31,""text"":""West Ham"",""labels"":[""TEAM""]},{""start"":33,""end"":44,""text"":""Southampton"",""labels"":[""TEAM""]}]",102.565,"Nottingham Forest join West Ham, Southampton in race for 31-goal attacker?","2025-01-25T12:46:24.051905Z"
58,"1","2025-01-25T12:47:08.909275Z",165,"[{""start"":0,""end"":6,""text"":""Monaco"",""labels"":[""TEAM""]},{""start"":18,""end"":25,""text"":""Arsenal"",""labels"":[""TEAM""]},{""start"":70,""end"":85,""text"":""Folarin Balogun"",""labels"":[""PLAYR""]}]",44.424,"Monaco lineup vs. Arsenal: Predicted XI for Champions League clash as Folarin Balogun denied reunion","2025-01-25T12:47:08.909275Z"
59,"1","2025-01-25T12:47:26.013759Z",166,"[{""start"":40,""end"":52,""text"":""Thilo Kehrer"",""labels"":[""PLAYR""]},{""start"":57,""end"":72,""text"":""Mohammed Salisu"",""labels"":[""PLAYR""]},{""start"":111,""end"":127,""text"":""Radoslaw Majecki"",""labels"":[""PLAYR""]},{""start"":150,""end"":159,""text"":""Vanderson"",""labels"":[""PLAYR""]},{""start"":164,""end"":177,""text"":""Caio Henrique"",""labels"":[""PLAYR""]}]",16.681,"As a result, former Premier League pair Thilo Kehrer and Mohammed Salisu should line up in front of goalkeeper Radoslaw Majecki, while Brazilian pair Vanderson and Caio Henrique bomb down the flanks.","2025-01-25T12:47:26.013759Z"
60,"1","2025-01-25T12:48:06.106890Z",167,"[{""start"":0,""end"":7,""text"":""Chelsea"",""labels"":[""TEAM""]},{""start"":44,""end"":55,""text"":""Romeo Lavia"",""labels"":[""PLAYR""]},{""start"":36,""end"":42,""text"":""Astana"",""labels"":[""TEAM""]}]",39.662,"Chelsea injury, suspension news vs. Astana: Romeo Lavia added to sidelined list","2025-01-25T12:48:06.106890Z"
61,"1","2025-01-25T12:49:49.505301Z",168,"[{""start"":12,""end"":19,""text"":""Edouard"",""labels"":[""PLAYR""]},{""start"":134,""end"":143,""text"":""Leicester"",""labels"":[""TEAM""]}]",102.825,"Since then, Edouard has struggled to make a significant impact in the East Midlands, featuring in just six Premier League matches for Leicester, starting once.","2025-01-25T12:49:49.505301Z"
62,"1","2025-01-25T12:51:29.169193Z",169,"[{""start"":120,""end"":127,""text"":""Edouard"",""labels"":[""PLAYR""]},{""start"":49,""end"":58,""text"":""Leicester"",""labels"":[""TEAM""]},{""start"":75,""end"":89,""text"":""Crystal Palace"",""labels"":[""TEAM""]}]",99.22,"According to reports via Celtic Quick News, both Leicester and parent club Crystal Palace have no interest in involving Edouard in their squads for the remainder of the campaign.","2025-01-25T12:51:29.169193Z"
63,"1","2025-01-25T12:52:17.564984Z",170,"[{""start"":16,""end"":26,""text"":""Sunderland"",""labels"":[""TEAM""]}]",47.955,"Regis Le Bris's Sunderland are currently fourth in England's second tier, occupying one of the playoff spots having earned 36 points from their 19 games so far.","2025-01-25T12:52:17.564984Z"
64,"1","2025-01-25T12:52:40.429826Z",171,"[{""start"":113,""end"":128,""text"":""Vinicius Junior"",""labels"":[""PLAYR""]},{""start"":130,""end"":137,""text"":""Rodrygo"",""labels"":[""PLAYR""]},{""start"":142,""end"":157,""text"":""Jude Bellingham"",""labels"":[""PLAYR""]},{""start"":0,""end"":11,""text"":""Real Madrid"",""labels"":[""TEAM""]},{""start"":95,""end"":106,""text"":""Atalanta BC"",""labels"":[""TEAM""]}]",22.413,"Real Madrid have received a triple boost heading into Tuesday's Champions League clash against Atalanta BC, with Vinicius Junior, Rodrygo and Jude Bellingham all named in the squad.","2025-01-25T12:52:40.429826Z"
65,"1","2025-01-25T12:53:26.260187Z",172,"[{""start"":0,""end"":13,""text"":""Ferland Mendy"",""labels"":[""PLAYR""]},{""start"":49,""end"":55,""text"":""Girona"",""labels"":[""TEAM""]},{""start"":85,""end"":96,""text"":""Fran Garcia"",""labels"":[""PLAYR""]},{""start"":130,""end"":142,""text"":""Eder Militao"",""labels"":[""PLAYR""]},{""start"":144,""end"":155,""text"":""David Alaba"",""labels"":[""PLAYR""]},{""start"":157,""end"":170,""text"":""Dani Carvajal"",""labels"":[""PLAYR""]},{""start"":175,""end"":192,""text"":""Eduardo Camavinga"",""labels"":[""PLAYR""]}]",45.406,"Ferland Mendy suffered a muscular injury against Girona and misses out, meaning that Fran Garcia will operate at left-back, while Eder Militao, David Alaba, Dani Carvajal and Eduardo Camavinga remain unavailable.","2025-01-25T12:53:26.260187Z"
66,"1","2025-01-25T12:55:06.637036Z",173,"[{""start"":0,""end"":17,""text"":""Federico Valverde"",""labels"":[""PLAYR""]},{""start"":43,""end"":54,""text"":""Real Madrid"",""labels"":[""TEAM""]},{""start"":117,""end"":130,""text"":""Kylian Mbappe"",""labels"":[""PLAYR""]},{""start"":201,""end"":210,""text"":""Liverpool"",""labels"":[""TEAM""]}]",99.959,"Federico Valverde is a certain starter for Real Madrid, while there will once again be a spot through the middle for Kylian Mbappe, who missed a penalty on his last Champions League appearance against Liverpool.","2025-01-25T12:55:06.637036Z"
67,"1","2025-01-25T12:55:21.434615Z",174,"[{""start"":0,""end"":11,""text"":""Real Madrid"",""labels"":[""TEAM""]},{""start"":38,""end"":46,""text"":""Courtois"",""labels"":[""PLAYR""]},{""start"":48,""end"":55,""text"":""Vazquez"",""labels"":[""PLAYR""]},{""start"":57,""end"":67,""text"":""Tchouameni"",""labels"":[""PLAYR""]},{""start"":69,""end"":76,""text"":""Rudiger"",""labels"":[""PLAYR""]},{""start"":78,""end"":86,""text"":""F Garcia"",""labels"":[""PLAYR""]},{""start"":88,""end"":96,""text"":""Valverde"",""labels"":[""PLAYR""]},{""start"":98,""end"":108,""text"":""Bellingham"",""labels"":[""PLAYR""]},{""start"":110,""end"":116,""text"":""Modric"",""labels"":[""PLAYR""]},{""start"":118,""end"":125,""text"":""Rodrygo"",""labels"":[""PLAYR""]},{""start"":127,""end"":133,""text"":""Mbappe"",""labels"":[""PLAYR""]},{""start"":135,""end"":143,""text"":""Vinicius"",""labels"":[""PLAYR""]}]",14.349,"Real Madrid possible starting lineup: Courtois; Vazquez, Tchouameni, Rudiger, F Garcia; Valverde, Bellingham, Modric; Rodrygo, Mbappe, Vinicius","2025-01-25T12:55:21.434615Z"
68,"1","2025-01-25T13:01:13.816891Z",175,"[{""start"":56,""end"":62,""text"":""Celtic"",""labels"":[""TEAM""]},{""start"":125,""end"":138,""text"":""Dinamo Zagreb"",""labels"":[""TEAM""]}]",351.794,"Unbeaten in their last three Champions League fixtures, Celtic will test their European mettle in a tough away assignment at Dinamo Zagreb on Tuesday evening.","2025-01-25T13:01:13.816891Z"
69,"1","2025-01-25T13:01:19.035154Z",176,"[{""start"":9,""end"":20,""text"":""Atalanta BC"",""labels"":[""TEAM""]},{""start"":25,""end"":36,""text"":""Real Madrid"",""labels"":[""TEAM""]}]",4.761,"Preview: Atalanta BC vs. Real Madrid - prediction, team news, lineups","2025-01-25T13:01:19.035154Z"
70,"1","2025-01-25T13:01:23.657884Z",177,"[{""start"":0,""end"":8,""text"":""Atalanta"",""labels"":[""TEAM""]}]",4.212,"Atalanta are undoubtedly one of the finest teams in European football","2025-01-25T13:01:23.657884Z"
71,"1","2025-01-25T13:02:52.911203Z",178,"",88.826,"Gian Piero Gasperini's side have also been impressive in the Champions League this season, picking up 11 points from their five matches courtesy of a record of three wins and two defeats, which has left them fifth in the table.","2025-01-25T13:02:52.911203Z"
72,"1","2025-01-25T13:04:23.486827Z",179,"[{""start"":0,""end"":11,""text"":""Real Madrid"",""labels"":[""TEAM""]},{""start"":81,""end"":87,""text"":""Girona"",""labels"":[""TEAM""]},{""start"":195,""end"":204,""text"":""Barcelona"",""labels"":[""TEAM""]}]",90.185,"Real Madrid will enter this match off the back of a much-needed 3-0 victory over Girona in Spain's top flight, with the result leaving them second in the La Liga table, two points behind leaders Barcelona with a game in hand.","2025-01-25T13:04:23.486827Z"
73,"1","2025-01-25T13:04:45.843400Z",180,"[{""start"":196,""end"":204,""text"":""AC Milan"",""labels"":[""TEAM""]},{""start"":209,""end"":218,""text"":""Liverpool"",""labels"":[""TEAM""]}]",21.933,"Carlo Ancelotti's side have struggled in the Champions League this season, though, only winning two of their five matches, suffering three defeats in the process, including their last two against AC Milan and Liverpool.","2025-01-25T13:04:45.843400Z"
74,"1","2025-01-25T13:04:51.296273Z",181,"[{""start"":0,""end"":11,""text"":""Real Madrid"",""labels"":[""TEAM""]}]",5.036,"Real Madrid have won 12, drawn eight and lost 18 of their previous 38","2025-01-25T13:04:51.296273Z"
75,"1","2025-01-25T13:04:55.690691Z",182,"[{""start"":9,""end"":20,""text"":""Club Brugge"",""labels"":[""TEAM""]},{""start"":25,""end"":40,""text"":""Sporting Lisbon"",""labels"":[""TEAM""]}]",3.987,"Preview: Club Brugge vs. Sporting Lisbon - prediction, team news, lineups","2025-01-25T13:04:55.690691Z"
76,"1","2025-01-25T13:05:42.385198Z",183,"[{""start"":18,""end"":33,""text"":""Sporting Lisbon"",""labels"":[""TEAM""]},{""start"":112,""end"":123,""text"":""Club Brugge"",""labels"":[""TEAM""]}]",46.292,"Portuguese giants Sporting Lisbon will be aiming to bounce back from three straight defeats when they travel to Club Brugge in the Champions League on Tuesday night.","2025-01-25T13:05:42.385198Z"
77,"1","2025-01-25T13:10:13.377452Z",184,"[{""start"":0,""end"":8,""text"":""Man City"",""labels"":[""TEAM""]},{""start"":13,""end"":22,""text"":""Feyenoord"",""labels"":[""TEAM""]},{""start"":24,""end"":32,""text"":""Citizens"",""labels"":[""TEAM""]}]",270.556,"Man City 3-3 Feyenoord: Citizens, Guardiola set five unwanted records in late Champions League collapse","2025-01-25T13:10:13.377452Z"
78,"1","2025-01-25T13:10:42.521071Z",185,"[{""start"":0,""end"":16,""text"":""Anis Hadj Moussa"",""labels"":[""PLAYR""]},{""start"":39,""end"":53,""text"":""Josko Gvardiol"",""labels"":[""PLAYR""]},{""start"":154,""end"":170,""text"":""Santiago Gimenez"",""labels"":[""PLAYR""]}]",28.578,"Anis Hadj Moussa pulled one back after Josko Gvardiol's cheap giveaway in the defensive third, but the hosts then capitulated, conceding shortly after to Santiago Gimenez.","2025-01-25T13:10:42.521071Z"
79,"1","2025-01-25T13:10:52.913022Z",186,"[{""start"":0,""end"":9,""text"":""Liverpool"",""labels"":[""TEAM""]},{""start"":129,""end"":140,""text"":""Real Madrid"",""labels"":[""TEAM""]},{""start"":153,""end"":162,""text"":""Liverpool"",""labels"":[""TEAM""]}]",9.866,"Liverpool have the opportunity to cement themselves as one of the best teams in world football on Wednesday night when they host Real Madrid at Anfield, Liverpool expert David Lynch has argued.","2025-01-25T13:10:52.913022Z"
80,"1","2025-01-25T13:12:46.227818Z",187,"[{""start"":11,""end"":15,""text"":""Real"",""labels"":[""TEAM""]},{""start"":45,""end"":49,""text"":""Reds"",""labels"":[""TEAM""]}]",112.888,"A win over Real could be significant for the Reds in a number of ways, with the first being the potential ramifications of beating both the European champions and Premier League champions within the space of a week.","2025-01-25T13:12:46.227818Z"
81,"1","2025-01-25T13:13:12.804824Z",188,"[{""start"":13,""end"":22,""text"":""Feyenoord"",""labels"":[""TEAM""]},{""start"":24,""end"":31,""text"":""Haaland"",""labels"":[""PLAYR""]},{""start"":0,""end"":8,""text"":""Man City"",""labels"":[""TEAM""]}]",26.158,"Man City 3-3 Feyenoord: Haaland breaks Champions League goals record, edges closer to another","2025-01-25T13:13:12.804824Z"
82,"1","2025-01-25T13:13:26.595108Z",189,"[{""start"":0,""end"":19,""text"":""Alexis Mac Allister"",""labels"":[""PLAYR""]},{""start"":24,""end"":34,""text"":""Cody Gakpo"",""labels"":[""PLAYR""]},{""start"":55,""end"":64,""text"":""Liverpool"",""labels"":[""TEAM""]},{""start"":112,""end"":123,""text"":""Real Madrid"",""labels"":[""TEAM""]}]",13.303,"Alexis Mac Allister and Cody Gakpo scored the goals as Liverpool recorded a 2-0 victory over European champions Real Madrid in the league phase of the Champions League on Wednesday night.","2025-01-25T13:13:26.595108Z"
83,"1","2025-01-25T13:14:47.379932Z",190,"[{""start"":6,""end"":13,""text"":""Arsenal"",""labels"":[""TEAM""]},{""start"":133,""end"":143,""text"":""Kenny Tete"",""labels"":[""PLAYR""]},{""start"":147,""end"":159,""text"":""Raul Jimenez"",""labels"":[""PLAYR""]},{""start"":183,""end"":195,""text"":""Jakub Kiwior"",""labels"":[""PLAYR""]}]",80.3,"While Arsenal customarily dominated possession in the early exchanges in West London, they were undone by one long punt forward from Kenny Tete to Raul Jimenez, who skipped away from Jakub Kiwior and found the far corner with aplomb.","2025-01-25T13:14:47.379932Z"
84,"1","2025-01-25T13:15:54.303877Z",191,"[{""start"":33,""end"":42,""text"":""Tottenham"",""labels"":[""TEAM""]},{""start"":63,""end"":69,""text"":""Romero"",""labels"":[""PLAYR""]},{""start"":97,""end"":104,""text"":""Chelsea"",""labels"":[""TEAM""]},{""start"":71,""end"":81,""text"":""Van de Ven"",""labels"":[""PLAYR""]}]",66.452,"Ange Postecoglou delivers triple Tottenham injury update after Romero, Van de Ven scares against Chelsea","2025-01-25T13:15:54.303877Z"
85,"1","2025-01-25T13:16:29.481638Z",192,"[{""start"":43,""end"":47,""text"":""Reds"",""labels"":[""TEAM""]},{""start"":16,""end"":25,""text"":""Liverpool"",""labels"":[""TEAM""]}]",34.692,"Fabrizio Romano Liverpool contract latest: Reds confident of agreeing deal with defender","2025-01-25T13:16:29.481638Z"
86,"1","2025-01-25T13:17:22.394982Z",193,"[{""start"":0,""end"":7,""text"":""Arsenal"",""labels"":[""TEAM""]},{""start"":53,""end"":59,""text"":""Monaco"",""labels"":[""TEAM""]},{""start"":61,""end"":70,""text"":""Zinchenko"",""labels"":[""PLAYR""]},{""start"":72,""end"":79,""text"":""Gabriel"",""labels"":[""PLAYR""]},{""start"":81,""end"":90,""text"":""Calafiori"",""labels"":[""PLAYR""]}]",52.464,"Arsenal injury, suspension list and return dates for Monaco: Zinchenko, Gabriel, Calafiori","2025-01-25T13:17:22.394982Z"
87,"1","2025-01-25T13:17:43.500589Z",194,"[{""start"":0,""end"":7,""text"":""Chelsea"",""labels"":[""TEAM""]},{""start"":12,""end"":29,""text"":""Tottenham Hotspur"",""labels"":[""TEAM""]},{""start"":73,""end"":80,""text"":""Al-Ahli"",""labels"":[""TEAM""]},{""start"":89,""end"":99,""text"":""Ivan Toney"",""labels"":[""PLAYR""]}]",20.647,"Chelsea and Tottenham Hotspur have reportedly rekindled their pursuit of Al-Ahli striker Ivan Toney, who is struggling for motivation in Saudi Arabia.","2025-01-25T13:17:43.500589Z"
88,"1","2025-01-25T13:18:35.462276Z",195,"[{""start"":0,""end"":17,""text"":""Manchester United"",""labels"":[""TEAM""]},{""start"":86,""end"":100,""text"":""Viktoria Plzen"",""labels"":[""TEAM""]}]",51.542,"Manchester United are back in action on Thursday evening when they square off against Viktoria Plzen in the Europa League.","2025-01-25T13:18:35.462276Z"
89,"1","2025-01-25T13:19:11.571683Z",196,"[{""start"":0,""end"":17,""text"":""Manchester United"",""labels"":[""TEAM""]},{""start"":29,""end"":46,""text"":""Christian Eriksen"",""labels"":[""PLAYR""]},{""start"":78,""end"":88,""text"":""Fenerbahce"",""labels"":[""TEAM""]}]",35.563,"Manchester United midfielder Christian Eriksen is reportedly not a target for Fenerbahce, despite rumours linking him with a potential reunion with Jose Mourinho.","2025-01-25T13:19:11.571683Z"
90,"1","2025-01-25T13:20:39.338292Z",197,"[{""start"":45,""end"":55,""text"":""Red Devils"",""labels"":[""TEAM""]}]",87.309,"The Danish international, who signed for the Red Devils in the summer of 2022, is widely anticipated to depart the club when his contract ends at the end of the season.","2025-01-25T13:20:39.338292Z"
91,"1","2025-01-25T13:20:47.860452Z",198,"[{""start"":0,""end"":14,""text"":""Crystal Palace"",""labels"":[""TEAM""]},{""start"":19,""end"":34,""text"":""Manchester City"",""labels"":[""TEAM""]}]",8.107,"Crystal Palace vs. Manchester City: Head-to-head record and past meetings","2025-01-25T13:20:47.860452Z"
92,"1","2025-01-25T13:21:13.172235Z",199,"[{""start"":0,""end"":14,""text"":""Crystal Palace"",""labels"":[""TEAM""]},{""start"":19,""end"":34,""text"":""Manchester City"",""labels"":[""TEAM""]},{""start"":111,""end"":119,""text"":""Citizens"",""labels"":[""TEAM""]},{""start"":189,""end"":195,""text"":""Eagles"",""labels"":[""TEAM""]}]",24.905,"Crystal Palace and Manchester City have faced each other a total of 72 times across all competitions, with the Citizens leading the overall head-to-head record having posted 38 wins to the Eagles' 17, while there have also been 17 draws played out between the two clubs.","2025-01-25T13:21:13.172235Z"
93,"1","2025-01-25T13:22:07.236556Z",200,"[{""start"":0,""end"":6,""text"":""Palace"",""labels"":[""TEAM""]},{""start"":11,""end"":19,""text"":""Man City"",""labels"":[""TEAM""]},{""start"":129,""end"":137,""text"":""Citizens"",""labels"":[""TEAM""]}]",53.637,"Palace and Man City played each other regularly in the old Divisions One and Two between the mid-1960s and early 1990s, with the Citizens winning 14 times and drawing seven of their 30 league encounters during that period.","2025-01-25T13:22:07.236556Z"
94,"1","2025-01-25T13:22:38.681753Z",201,"[{""start"":0,""end"":14,""text"":""Crystal Palace"",""labels"":[""TEAM""]},{""start"":94,""end"":102,""text"":""Man City"",""labels"":[""TEAM""]}]",31.058,"Crystal Palace have only come out on top in two of their last 19 Premier League meetings with Man City (D5 L12), and both of those victories were secured at the Etihad Stadium in December 2018 and October 2020","2025-01-25T13:22:38.681753Z"
96,"1","2025-01-25T13:25:48.484571Z",203,"[{""start"":96,""end"":103,""text"":""Arsenal"",""labels"":[""TEAM""]},{""start"":125,""end"":140,""text"":""Manchester City"",""labels"":[""TEAM""]},{""start"":142,""end"":151,""text"":""Liverpool"",""labels"":[""TEAM""]},{""start"":254,""end"":261,""text"":""Chelsea"",""labels"":[""TEAM""]}]",13.604,"At the start of the season, the chatter around the Premier League title race focused on whether Arsenal could finally topple Manchester City. Liverpool's strong start put them in the conversation. It is now impossible to ignore their nearest challengers Chelsea","2025-01-25T13:25:48.484571Z"
97,"1","2025-01-25T13:27:55.289011Z",204,"[{""start"":0,""end"":7,""text"":""Chelsea"",""labels"":[""TEAM""]},{""start"":54,""end"":59,""text"":""Spurs"",""labels"":[""TEAM""]},{""start"":61,""end"":72,""text"":""Cole Palmer"",""labels"":[""PLAYR""]},{""start"":218,""end"":225,""text"":""Chelsea"",""labels"":[""TEAM""]},{""start"":167,""end"":178,""text"":""Paul Merson"",""labels"":[""PLAYR""]},{""start"":183,""end"":198,""text"":""Jamie Carragher"",""labels"":[""PLAYR""]}]",126.367,"Chelsea come from two goals down to win 4-3 at rivals Spurs; Cole Palmer scores two penalties, taking his goal involvement tally to 50 since the start of last season; Paul Merson and Jamie Carragher feel he could take Chelsea all the way","2025-01-25T13:27:55.289011Z"
98,"1","2025-01-25T13:28:07.587101Z",205,"[{""start"":0,""end"":7,""text"":""Chelsea"",""labels"":[""TEAM""]},{""start"":68,""end"":77,""text"":""Tottenham"",""labels"":[""TEAM""]},{""start"":121,""end"":130,""text"":""Liverpool"",""labels"":[""TEAM""]}]",11.846,"Chelsea fought back from two goals down to win 4-3 at London rivals Tottenham to close the gap on Premier League leaders Liverpool to four points.","2025-01-25T13:28:07.587101Z"
99,"1","2025-01-25T13:29:03.425341Z",206,"[{""start"":15,""end"":30,""text"":""Folarin Balogun"",""labels"":[""PLAYR""]},{""start"":0,""end"":6,""text"":""Monaco"",""labels"":[""TEAM""]},{""start"":106,""end"":113,""text"":""Arsenal"",""labels"":[""TEAM""]}]",55.428,"Monaco striker Folarin Balogun will not be reuniting with his former employers when the Ligue 1 side meet Arsenal in Wednesday's Champions League league phase clash at the Emirates Stadium.","2025-01-25T13:29:03.425341Z"
100,"1","2025-01-25T13:29:51.570214Z",207,"[{""start"":0,""end"":11,""text"":""Aston Villa"",""labels"":[""TEAM""]},{""start"":16,""end"":27,""text"":""Southampton"",""labels"":[""TEAM""]},{""start"":68,""end"":78,""text"":""Jhon Duran"",""labels"":[""PLAYR""]}]",47.533,"Aston Villa 1-0 Southampton: Highlights, man of the match, stats as Jhon Duran gives Unai Emery second Premier League win in a row","2025-01-25T13:29:51.570214Z"
101,"1","2025-01-25T13:29:59.479091Z",208,"[{""start"":47,""end"":54,""text"":""Man Utd"",""labels"":[""TEAM""]}]",7.485,"A fresh start for one of the worst signings in Man Utd history","2025-01-25T13:29:59.479091Z"
102,"1","2025-01-25T13:30:07.226792Z",209,"[{""start"":0,""end"":9,""text"":""Hull City"",""labels"":[""TEAM""]},{""start"":76,""end"":92,""text"":""Sheffield United"",""labels"":[""TEAM""]}]",7.335,"Hull City boosted their Championship survival hopes by stunning high-flying Sheffield United with an emphatic victory at Bramall Lane.","2025-01-25T13:30:07.226792Z"
103,"1","2025-01-25T13:30:32.600222Z",210,"[{""start"":0,""end"":11,""text"":""Matt Crooks"",""labels"":[""PLAYR""]},{""start"":81,""end"":87,""text"":""Tigers"",""labels"":[""TEAM""]}]",24.96,"Matt Crooks opened the scoring after just six minutes on his first start for the Tigers with an excellent first-time finish from 25 yards following a swift counter-attack.","2025-01-25T13:30:32.600222Z"
104,"1","2025-01-25T13:31:34.123054Z",211,"[{""start"":0,""end"":16,""text"":""Sheffield United"",""labels"":[""TEAM""]},{""start"":50,""end"":67,""text"":""Ben Brereton Diaz"",""labels"":[""PLAYR""]},{""start"":167,""end"":171,""text"":""Hull"",""labels"":[""TEAM""]},{""start"":183,""end"":194,""text"":""Ivor Pandur"",""labels"":[""PLAYR""]}]",60.99,"Sheffield United had the first sight of goal when Ben Brereton Diaz burst into the penalty area from the left and saw a powerful drive to the near post beaten away by Hull goalkeeper Ivor Pandur.","2025-01-25T13:31:34.123054Z"
105,"1","2025-01-25T13:31:41.597481Z",212,"[{""start"":0,""end"":6,""text"":""O'Hare"",""labels"":[""PLAYR""]}]",7.009,"O'Hare spurned a promising opportunity to reduce the deficit after 73 minutes, slicing wildly off target from just inside the box after the ball dropped to him.","2025-01-25T13:31:41.597481Z"
106,"1","2025-01-25T13:31:46.432069Z",213,"[{""start"":0,""end"":9,""text"":""Hull City"",""labels"":[""TEAM""]}]",4.367,"Hull City boss Ruben Selles told BBC Radio Humberside:","2025-01-25T13:31:46.432069Z"
107,"1","2025-01-25T13:32:05.413983Z",214,"[{""start"":30,""end"":38,""text"":""Man City"",""labels"":[""TEAM""]}]",18.595,"Opponents no longer scared of Man City - Guardiola","2025-01-25T13:32:05.413983Z"
108,"1","2025-01-25T13:33:01.613058Z",215,"[{""start"":91,""end"":102,""text"":""Bournemouth"",""labels"":[""TEAM""]}]",55.724,"After an encouraging debut season in English football last season, Andoni Iraola has taken Bournemouth to another level this term","2025-01-25T13:33:01.613058Z"
109,"1","2025-01-25T13:33:36.997858Z",216,"[{""start"":7,""end"":15,""text"":""Cherries"",""labels"":[""TEAM""]},{""start"":24,""end"":39,""text"":""Dominic Solanke"",""labels"":[""PLAYR""]},{""start"":48,""end"":53,""text"":""Spurs"",""labels"":[""TEAM""]}]",34.93,"Former Cherries striker Dominic Solanke, now at Spurs, explained the learning curve with Iraola's methods in an interview with the Times last year.","2025-01-25T13:33:36.997858Z"
110,"1","2025-01-25T13:34:01.358420Z",217,"[{""start"":34,""end"":42,""text"":""AC Milan"",""labels"":[""TEAM""]},{""start"":0,""end"":8,""text"":""Man City"",""labels"":[""TEAM""]},{""start"":17,""end"":23,""text"":""Walker"",""labels"":[""PLAYR""]}]",23.914,"Man City captain Walker completes AC Milan loan move","2025-01-25T13:34:01.358420Z"
111,"1","2025-01-25T13:34:19.342260Z",218,"[{""start"":0,""end"":15,""text"":""Manchester City"",""labels"":[""TEAM""]},{""start"":24,""end"":35,""text"":""Kyle Walker"",""labels"":[""PLAYR""]},{""start"":73,""end"":81,""text"":""AC Milan"",""labels"":[""TEAM""]}]",17.52,"Manchester City captain Kyle Walker has completed a move to Italian club AC Milan on loan for the remainder of the season.","2025-01-25T13:34:19.342260Z"
112,"1","2025-01-25T13:34:29.922500Z",219,"[{""start"":0,""end"":6,""text"":""Walker"",""labels"":[""PLAYR""]},{""start"":36,""end"":40,""text"":""City"",""labels"":[""TEAM""]},{""start"":64,""end"":73,""text"":""Tottenham"",""labels"":[""TEAM""]}]",10.119,"Walker has made 319 appearances for City since a £50m move from Tottenham in 2017 and was part of the treble-winning side of 2022-23.","2025-01-25T13:34:29.923497Z"
113,"1","2025-01-25T13:34:37.937275Z",220,"[{""start"":0,""end"":15,""text"":""Manchester City"",""labels"":[""TEAM""]}]",7.56,"Manchester City's Champions League hopes are in the balance but can they sustain their improved form in the Premier League against tougher opposition?","2025-01-25T13:34:37.937275Z"
114,"1","2025-01-25T13:34:48.722219Z",221,"[{""start"":109,""end"":116,""text"":""Chelsea"",""labels"":[""TEAM""]},{""start"":139,""end"":146,""text"":""Arsenal"",""labels"":[""TEAM""]},{""start"":148,""end"":157,""text"":""Newcastle"",""labels"":[""TEAM""]},{""start"":162,""end"":171,""text"":""Liverpool"",""labels"":[""TEAM""]}]",10.347,"The defending champions have gone five games unbeaten in the league, winning three of them, but after facing Chelsea on Saturday they play Arsenal, Newcastle and Liverpool in successive weeks.","2025-01-25T13:34:48.723215Z"
115,"1","2025-01-25T13:36:49.069426Z",222,"[{""start"":29,""end"":46,""text"":""Manchester United"",""labels"":[""TEAM""]},{""start"":67,""end"":82,""text"":""Marcus Rashford"",""labels"":[""PLAYR""]},{""start"":0,""end"":9,""text"":""Barcelona"",""labels"":[""TEAM""]},{""start"":51,""end"":58,""text"":""England"",""labels"":[""TEAM""]}]",119.862,"Barcelona's attempts to sign Manchester United and England forward Marcus Rashford, 27, may be scuppered as they have not sold enough players to free up funds","2025-01-25T13:36:49.069426Z"
116,"1","2025-01-25T13:37:25.673060Z",223,"[{""start"":0,""end"":8,""text"":""West Ham"",""labels"":[""TEAM""]},{""start"":71,""end"":84,""text"":""Brian Brobbey"",""labels"":[""PLAYR""]},{""start"":113,""end"":117,""text"":""Ajax"",""labels"":[""TEAM""]}]",36.136,"West Ham have been told they will need to sign the Netherlands striker Brian Brobbey, 22, on a permanent deal as Ajax have no interest in a loan.","2025-01-25T13:37:25.673060Z"
117,"1","2025-01-25T13:38:36.991533Z",224,"[{""start"":45,""end"":62,""text"":""Manchester United"",""labels"":[""TEAM""]}]",70.853,"David Gaskell, who holds the record of being Manchester United's youngest ever player, has died at the age of 84.","2025-01-25T13:38:36.991533Z"
118,"1","2025-01-25T13:39:09.631605Z",225,"[{""start"":45,""end"":51,""text"":""United"",""labels"":[""TEAM""]},{""start"":100,""end"":115,""text"":""Manchester City"",""labels"":[""TEAM""]}]",32.18,"Former goalkeeper Gaskell made his debut for United at the age of just 16 years and 19 days against Manchester City in October 1956.","2025-01-25T13:39:09.631605Z"
119,"1","2025-01-25T13:40:11.597623Z",226,"[{""start"":0,""end"":9,""text"":""Tottenham"",""labels"":[""TEAM""]}]",61.485,"Tottenham finished fifth in the Premier League during his first season in charge, missing out on Champions League football by two points.","2025-01-25T13:40:11.597623Z"
120,"1","2025-01-25T13:40:27.089542Z",227,"[{""start"":45,""end"":51,""text"":""Arteta"",""labels"":[""PLAYR""]},{""start"":0,""end"":7,""text"":""Arsenal"",""labels"":[""TEAM""]}]",15.038,"Arsenal 'actively looking' to sign striker - Arteta","2025-01-25T13:40:27.089542Z"
121,"1","2025-01-25T13:41:00.842785Z",228,"[{""start"":0,""end"":7,""text"":""Arsenal"",""labels"":[""TEAM""]},{""start"":19,""end"":30,""text"":""Declan Rice"",""labels"":[""PLAYR""]},{""start"":75,""end"":84,""text"":""Tottenham"",""labels"":[""TEAM""]},{""start"":121,""end"":128,""text"":""Arsenal"",""labels"":[""TEAM""]}]",33.257,"Arsenal midfielder Declan Rice said after the win over north London rivals Tottenham that he would not be ""surprised"" if Arsenal do try to sign a striker in this window, but Arteta said his players haven't said to him that they feel like they need someone to come in.","2025-01-25T13:41:00.842785Z"
122,"1","2025-01-25T13:41:16.774591Z",229,"[{""start"":19,""end"":30,""text"":""Guro Reiten"",""labels"":[""PLAYR""]},{""start"":0,""end"":7,""text"":""Chelsea"",""labels"":[""TEAM""]},{""start"":73,""end"":80,""text"":""Arsenal"",""labels"":[""TEAM""]}]",15.454,"Chelsea midfielder Guro Reiten says Women's Super League matches against Arsenal ""mean something extra"" because of the rivalry between the teams.","2025-01-25T13:41:16.774591Z"
123,"1","2025-01-25T13:41:49.256851Z",230,"[{""start"":0,""end"":6,""text"":""Reiten"",""labels"":[""PLAYR""]},{""start"":38,""end"":45,""text"":""Chelsea"",""labels"":[""TEAM""]}]",31.994,"Reiten, who is in her sixth season at Chelsea, has so far won the WSL title each year she has been at the club.","2025-01-25T13:41:49.256851Z"
124,"1","2025-01-25T13:42:12.858976Z",231,"[{""start"":22,""end"":40,""text"":""Aggie Beever-Jones"",""labels"":[""PLAYR""]},{""start"":56,""end"":63,""text"":""Chelsea"",""labels"":[""TEAM""]}]",23.011,"England international Aggie Beever-Jones is also hoping Chelsea can extend their unbeaten run as they challenge on multiple fronts","2025-01-25T13:42:12.858976Z"
125,"1","2025-01-25T13:42:22.701531Z",232,"[{""start"":11,""end"":18,""text"":""Chelsea"",""labels"":[""TEAM""]},{""start"":100,""end"":107,""text"":""Arsenal"",""labels"":[""TEAM""]},{""start"":137,""end"":144,""text"":""Arsenal"",""labels"":[""TEAM""]}]",9.359,"We respect Chelsea for who they are and all the strengths they have. But for me, I care a lot about Arsenal so I want to do the best for Arsenal.","2025-01-25T13:42:22.701531Z"
126,"1","2025-01-25T13:43:26.747670Z",233,"[{""start"":42,""end"":53,""text"":""Man UtdAway"",""labels"":[""TEAM""]},{""start"":91,""end"":98,""text"":""Man Utd"",""labels"":[""TEAM""]},{""start"":0,""end"":4,""text"":""Away"",""labels"":[""TEAM""]}]",63.589,"Away fans in home end cannot be stopped - Man UtdAway fans in home end cannot be stopped - Man Utd","2025-01-25T13:43:26.747670Z"
127,"1","2025-01-25T13:43:36.807178Z",234,"[{""start"":29,""end"":43,""text"":""Julian Alvarez"",""labels"":[""PLAYR""]},{""start"":67,""end"":82,""text"":""Atletico Madrid"",""labels"":[""TEAM""]},{""start"":0,""end"":4,""text"":""City"",""labels"":[""TEAM""]}]",9.526,"City never properly replaced Julian Alvarez after his departure to Atletico Madrid in the summer.","2025-01-25T13:43:36.807178Z"
128,"1","2025-01-25T13:43:44.935831Z",235,"[{""start"":0,""end"":8,""text"":""Khusanov"",""labels"":[""PLAYR""]}]",7.656,"Khusanov has more experience and understands European and international football. However, he is viewed more as a central defender.","2025-01-25T13:43:44.935831Z"
129,"1","2025-01-25T13:44:07.113061Z",236,"[{""start"":4,""end"":8,""text"":""City"",""labels"":[""TEAM""]}]",21.752,"But City insisted he moved immediately - and they say he will join Guardiola's squad this season.","2025-01-25T13:44:07.113061Z"
130,"1","2025-01-25T13:44:43.139264Z",237,"[{""start"":0,""end"":15,""text"":""Manchester City"",""labels"":[""TEAM""]},{""start"":71,""end"":79,""text"":""Cambiaso"",""labels"":[""PLAYR""]},{""start"":42,""end"":50,""text"":""Juventus"",""labels"":[""TEAM""]},{""start"":55,""end"":60,""text"":""Italy"",""labels"":[""TEAM""]}]",35.548,"Manchester City are interested in signing Juventus and Italy left-back Cambiaso, 24.","2025-01-25T13:44:43.139264Z"
131,"1","2025-01-25T13:44:53.491453Z",238,"[{""start"":66,""end"":80,""text"":""Benjamin Mendy"",""labels"":[""PLAYR""]},{""start"":0,""end"":4,""text"":""City"",""labels"":[""TEAM""]}]",9.855,"City have not had a player whose main position is left-back since Benjamin Mendy, whose last game for the club was in August 2021.","2025-01-25T13:44:53.491453Z"
132,"1","2025-01-25T13:45:03.223348Z",239,"[{""start"":38,""end"":42,""text"":""City"",""labels"":[""TEAM""]},{""start"":71,""end"":82,""text"":""Kyle Walker"",""labels"":[""PLAYR""]},{""start"":95,""end"":103,""text"":""AC Milan"",""labels"":[""TEAM""]}]",9.277,"He can also play at right-back, where City have a lack of options with Kyle Walker set to join AC Milan on loan.","2025-01-25T13:45:03.223348Z"
133,"1","2025-01-25T13:45:23.093348Z",240,"[{""start"":0,""end"":13,""text"":""Matheus Nunes"",""labels"":[""PLAYR""]},{""start"":85,""end"":101,""text"":""Paris St-Germain"",""labels"":[""TEAM""]}]",19.434,"Matheus Nunes, a midfielder, has played at right-back recently and struggled against Paris St-Germain in Wednesday's 4-2 defeat.","2025-01-25T13:45:23.093348Z"
134,"1","2025-01-25T13:45:33.507566Z",241,"[{""start"":18,""end"":29,""text"":""John Stones"",""labels"":[""PLAYR""]}]",9.967,"""The suspicion is John Stones would be Guardiola's first choice at right-back,"" said BBC reporter Stone.","2025-01-25T13:45:33.507566Z"
135,"1","2025-01-25T13:46:18.335524Z",242,"[{""start"":5,""end"":11,""text"":""Stones"",""labels"":[""PLAYR""]},{""start"":70,""end"":73,""text"":""PSG"",""labels"":[""TEAM""]},{""start"":104,""end"":114,""text"":""Ruben Dias"",""labels"":[""PLAYR""]}]",43.614,"""But Stones is not fully fit. He featured for only 15 minutes against PSG, even though central defender Ruben Dias went off at half-time.","2025-01-25T13:46:18.335524Z"
136,"1","2025-01-25T13:46:25.434465Z",243,"[{""start"":63,""end"":73,""text"":""Rico Lewis"",""labels"":[""PLAYR""]},{""start"":78,""end"":83,""text"":""Nunes"",""labels"":[""PLAYR""]}]",6.708,"""Until Guardiola has his defenders fully fit, it seems certain Rico Lewis and Nunes will be asked to play there until a more permanent solution is available.""","2025-01-25T13:46:25.434465Z"
137,"1","2025-01-25T13:46:37.918337Z",244,"[{""start"":53,""end"":71,""text"":""Sierra Leonean Bah"",""labels"":[""PLAYR""]},{""start"":15,""end"":19,""text"":""City"",""labels"":[""TEAM""]}]",12.039,"Another player City are interested in is 18-year-old Sierra Leonean Bah.","2025-01-25T13:46:37.918337Z"
138,"1","2025-01-25T13:47:04.265524Z",245,"[{""start"":0,""end"":15,""text"":""Real Valladolid"",""labels"":[""TEAM""]},{""start"":29,""end"":44,""text"":""Manchester City"",""labels"":[""TEAM""]}]",25.904,"Real Valladolid have accused Manchester City of encouraging him to break his contract to force through a move.","2025-01-25T13:47:04.265524Z"
139,"1","2025-01-25T13:47:36.139266Z",246,"[{""start"":10,""end"":20,""text"":""Valladolid"",""labels"":[""TEAM""]},{""start"":48,""end"":60,""text"":""AIK Freetong"",""labels"":[""TEAM""]}]",31.457,"He joined Valladolid on a season-long loan from AIK Freetong in Sierra Leone last summer and the club exercised a clause to turn it into a permanent deal this month.","2025-01-25T13:47:36.139266Z"
140,"1","2025-01-25T13:47:43.841441Z",247,"[{""start"":4,""end"":7,""text"":""Bah"",""labels"":[""PLAYR""]}]",7.235,"But Bah is still under a youth contract and has so far refused to sign a senior deal that would significantly increase his release clause.","2025-01-25T13:47:43.841441Z"
141,"1","2025-01-25T13:47:48.926839Z",248,"[{""start"":0,""end"":8,""text"":""Aberdeen"",""labels"":[""TEAM""]},{""start"":11,""end"":20,""text"":""St Mirren"",""labels"":[""TEAM""]}]",4.502,"Aberdeen v St Mirren","2025-01-25T13:47:48.926839Z"
142,"1","2025-01-25T13:47:56.185378Z",249,"[{""start"":11,""end"":25,""text"":""Lewis Jamieson"",""labels"":[""PLAYR""]},{""start"":52,""end"":71,""text"":""Sacramento Republic"",""labels"":[""TEAM""]}]",6.834,"Meanwhile, Lewis Jamieson has left the club to join Sacramento Republic.","2025-01-25T13:47:56.185378Z"
143,"1","2025-01-25T13:48:28.275712Z",250,"[{""start"":41,""end"":48,""text"":""Toffees"",""labels"":[""TEAM""]},{""start"":75,""end"":90,""text"":""West Ham United"",""labels"":[""TEAM""]},{""start"":132,""end"":149,""text"":""Manchester United"",""labels"":[""TEAM""]},{""start"":154,""end"":164,""text"":""Sunderland"",""labels"":[""TEAM""]}]",31.686,"The Scotsman is into his second spell as Toffees boss and has also managed West Ham United twice, as well as having short spells at Manchester United and Sunderland.","2025-01-25T13:48:28.275712Z"
144,"1","2025-01-25T13:49:03.012120Z",251,"[{""start"":110,""end"":119,""text"":""Tottenham"",""labels"":[""TEAM""]}]",34.086,"Moyes picked up the first win of his second spell at Goodison Park in Sunday's impressive 3-2 victory against Tottenham that moved his side four points clear of the relegation zone.","2025-01-25T13:49:03.012120Z"
145,"1","2025-01-25T13:49:08.394563Z",252,"[{""start"":0,""end"":11,""text"":""Joey Barton"",""labels"":[""PLAYR""]}]",4.922,"Joey Barton kicked wife in head, court hears","2025-01-25T13:49:08.394563Z"
146,"1","2025-01-25T13:49:15.676099Z",253,"[{""start"":18,""end"":29,""text"":""Joey Barton"",""labels"":[""PLAYR""]}]",6.855,"Former footballer Joey Barton pushed his wife to the floor before kicking her in the head during a drunken row at their family home, a court has heard.","2025-01-25T13:49:15.676099Z"
147,"1","2025-01-25T13:49:23.111339Z",254,"[{""start"":0,""end"":15,""text"":""Plymouth Argyle"",""labels"":[""TEAM""]},{""start"":24,""end"":40,""text"":""Morgan Whittaker"",""labels"":[""PLAYR""]},{""start"":93,""end"":106,""text"":""Middlesbrough"",""labels"":[""TEAM""]}]",7.004,"Plymouth Argyle forward Morgan Whittaker has completed a £6m transfer to Championship rivals Middlesbrough.","2025-01-25T13:49:23.111339Z"
148,"1","2025-01-25T13:50:02.587163Z",255,"[{""start"":11,""end"":16,""text"":""Kyogo"",""labels"":[""PLAYR""]},{""start"":34,""end"":40,""text"":""Celtic"",""labels"":[""TEAM""]}]",39.014,"How big is Kyogo loss? And how do Celtic replace him?","2025-01-25T13:50:02.587163Z"
149,"1","2025-01-25T13:51:04.873360Z",256,"[{""start"":4,""end"":9,""text"":""Kyogo"",""labels"":[""PLAYR""]}]",61.82,"But Kyogo, with his goals, game intelligence and infectious personality had carved out a special place in the hearts of the Parkhead faithful","2025-01-25T13:51:04.873360Z"
150,"1","2025-01-25T13:52:04.838648Z",257,"[{""start"":67,""end"":78,""text"":""Vissel Kobe"",""labels"":[""TEAM""]},{""start"":111,""end"":116,""text"":""Kyogo"",""labels"":[""PLAYR""]},{""start"":155,""end"":174,""text"":""Heart of Midlothian"",""labels"":[""TEAM""]},{""start"":177,""end"":195,""text"":""Lawrence Shankland"",""labels"":[""PLAYR""]}]",59.468,"Since he was signed by Ange Postecoglou in 2021 from J-League club Vissel Kobe, no player has scored more than Kyogo's 63 Scottish Premiership goals, with Heart of Midlothian's Lawrence Shankland next on the list on 51.","2025-01-25T13:52:04.838648Z"
151,"1","2025-01-25T13:52:39.463777Z",258,"[{""start"":0,""end"":5,""text"":""Stoke"",""labels"":[""TEAM""]},{""start"":11,""end"":18,""text"":""Ipswich"",""labels"":[""TEAM""]},{""start"":27,""end"":36,""text"":""Al-Hamadi"",""labels"":[""PLAYR""]}]",34.034,"Stoke sign Ipswich forward Al-Hamadi on loan","2025-01-25T13:52:39.463777Z"
152,"1","2025-01-25T13:52:44.722366Z",259,"[{""start"":0,""end"":10,""text"":""Stoke City"",""labels"":[""TEAM""]},{""start"":23,""end"":30,""text"":""Ipswich"",""labels"":[""TEAM""]},{""start"":39,""end"":52,""text"":""Ali Al-Hamadi"",""labels"":[""PLAYR""]}]",4.836,"Stoke City have signed Ipswich forward Ali Al-Hamadi on loan for the rest of the season.","2025-01-25T13:52:44.722366Z"
153,"1","2025-01-25T13:53:12.577064Z",260,"[{""start"":0,""end"":7,""text"":""MK Dons"",""labels"":[""TEAM""]},{""start"":32,""end"":40,""text"":""Thompson"",""labels"":[""PLAYR""]},{""start"":13,""end"":22,""text"":""Stevenage"",""labels"":[""TEAM""]}]",27.411,"MK Dons sign Stevenage defender Thompson","2025-01-25T13:53:12.577064Z"
154,"1","2025-01-25T13:53:23.892318Z",261,"[{""start"":16,""end"":23,""text"":""MK Dons"",""labels"":[""TEAM""]},{""start"":57,""end"":72,""text"":""Nathan Thompson"",""labels"":[""PLAYR""]},{""start"":89,""end"":98,""text"":""Stevenage"",""labels"":[""TEAM""]}]",10.851,"League Two club MK Dons have signed experienced defender Nathan Thompson from third-tier Stevenage.","2025-01-25T13:53:23.892318Z"
155,"1","2025-01-25T13:53:39.518139Z",262,"[{""start"":33,""end"":39,""text"":""Matazo"",""labels"":[""PLAYR""]},{""start"":0,""end"":9,""text"":""Hull City"",""labels"":[""TEAM""]},{""start"":15,""end"":21,""text"":""Monaco"",""labels"":[""TEAM""]}]",15.146,"Hull City sign Monaco midfielder Matazo","2025-01-25T13:53:39.518139Z"
156,"1","2025-01-25T13:53:50.620580Z",263,"[{""start"":0,""end"":9,""text"":""Hull City"",""labels"":[""TEAM""]},{""start"":22,""end"":28,""text"":""Monaco"",""labels"":[""TEAM""]},{""start"":40,""end"":52,""text"":""Eliot Matazo"",""labels"":[""PLAYR""]}]",10.644,"Hull City have signed Monaco midfielder Eliot Matazo for an undisclosed fee on a three-and-a-half-year deal.","2025-01-25T13:53:50.620580Z"
157,"1","2025-01-25T13:54:01.191141Z",264,"[{""start"":70,""end"":76,""text"":""Monaco"",""labels"":[""TEAM""]}]",10.125,"The 22-year-old made 60 appearances in the top division in France for Monaco.","2025-01-25T13:54:01.191141Z"
158,"1","2025-01-25T13:55:11.939947Z",265,"[{""start"":0,""end"":7,""text"":""Burnley"",""labels"":[""TEAM""]},{""start"":23,""end"":32,""text"":""Costelloe"",""labels"":[""PLAYR""]},{""start"":38,""end"":45,""text"":""Stanley"",""labels"":[""TEAM""]}]",70.277,"Burnley recall striker Costelloe from Stanley loan","2025-01-25T13:55:11.939947Z"
159,"1","2025-01-25T13:55:25.015423Z",266,"[{""start"":4,""end"":10,""text"":""Tigers"",""labels"":[""TEAM""]},{""start"":21,""end"":37,""text"":""Sheffield United"",""labels"":[""TEAM""]}]",12.614,"The Tigers, who face Sheffield United on Friday, are 22nd in the Championship.","2025-01-25T13:55:25.015423Z"
160,"1","2025-01-25T13:55:33.826210Z",267,"[{""start"":0,""end"":7,""text"":""Burnley"",""labels"":[""TEAM""]},{""start"":30,""end"":44,""text"":""Dara Costelloe"",""labels"":[""PLAYR""]},{""start"":92,""end"":110,""text"":""Accrington Stanley"",""labels"":[""TEAM""]}]",8.342,"Burnley have recalled striker Dara Costelloe from his season-long loan with League Two side Accrington Stanley.","2025-01-25T13:55:33.826210Z"
161,"1","2025-01-25T13:55:42.092623Z",268,"[{""start"":23,""end"":30,""text"":""Stanley"",""labels"":[""TEAM""]}]",7.797,"The 22-year-old joined Stanley in August and has gone on to make 21 appearances for the club.","2025-01-25T13:55:42.092623Z"
162,"1","2025-01-25T13:55:50.748679Z",269,"[{""start"":94,""end"":103,""text"":""Wimbledon"",""labels"":[""TEAM""]}]",8.176,"During that time he has scored five goals, including most recently during their 2-2 draw with Wimbledon in November.","2025-01-25T13:55:50.748679Z"
163,"1","2025-01-25T13:56:31.779373Z",270,"[{""start"":10,""end"":19,""text"":""Tafazolli"",""labels"":[""PLAYR""]},{""start"":0,""end"":7,""text"":""Wycombe"",""labels"":[""TEAM""]}]",40.587,"Wycombe's Tafazolli makes Hong Kong loan move","2025-01-25T13:56:31.779373Z"
164,"1","2025-01-25T13:56:40.296805Z",271,"[{""start"":27,""end"":36,""text"":""Chairboys"",""labels"":[""TEAM""]},{""start"":42,""end"":51,""text"":""Hull City"",""labels"":[""TEAM""]}]",8.046,"The 33-year-old joined the Chairboys from Hull City in the summer of 2020 and has made 128 appearances and scored 10 goals.","2025-01-25T13:56:40.296805Z"
165,"1","2025-01-25T13:56:45.770536Z",272,"[{""start"":0,""end"":7,""text"":""Lee Man"",""labels"":[""PLAYR""]}]",5.015,"Lee Man are the reigning Hong Kong Premier League champions and currently third in the table.","2025-01-25T13:56:45.771536Z"
166,"1","2025-01-25T13:56:59.826980Z",273,"[{""start"":0,""end"":7,""text"":""Chelsea"",""labels"":[""TEAM""]},{""start"":16,""end"":22,""text"":""Morgan"",""labels"":[""PLAYR""]},{""start"":29,""end"":39,""text"":""Gillingham"",""labels"":[""TEAM""]}]",13.606,"Chelsea forward Morgan makes Gillingham loan move","2025-01-25T13:56:59.826980Z"
167,"1","2025-01-25T13:57:22.775010Z",274,"[{""start"":0,""end"":10,""text"":""Gillingham"",""labels"":[""TEAM""]},{""start"":69,""end"":85,""text"":""Jimmy-Jay Morgan"",""labels"":[""PLAYR""]},{""start"":23,""end"":30,""text"":""Chelsea"",""labels"":[""TEAM""]}]",22.502,"Gillingham have signed Chelsea's England youth international striker Jimmy-Jay Morgan on loan until the end of the season.","2025-01-25T13:57:22.775010Z"
168,"1","2025-01-25T13:58:15.669454Z",275,"[{""start"":30,""end"":37,""text"":""Chelsea"",""labels"":[""TEAM""]},{""start"":53,""end"":64,""text"":""Southampton"",""labels"":[""TEAM""]}]",52.413,"The 19-year-old, who moved to Chelsea's academy from Southampton in February 2023 for an undisclosed fee, has yet to feature for the Premier League side's first team.","2025-01-25T13:58:15.669454Z"
169,"1","2025-01-25T13:58:48.246097Z",276,"[{""start"":0,""end"":9,""text"":""Brentford"",""labels"":[""TEAM""]},{""start"":35,""end"":41,""text"":""Kayode"",""labels"":[""PLAYR""]},{""start"":15,""end"":25,""text"":""Fiorentina"",""labels"":[""TEAM""]}]",32.091,"Brentford sign Fiorentina defender Kayode on loan","2025-01-25T13:58:48.246097Z"
170,"1","2025-01-25T13:59:16.911141Z",277,"[{""start"":58,""end"":68,""text"":""Fiorentina"",""labels"":[""TEAM""]}]",28.081,"The Italy Under-21 right-back has made 12 appearances for Fiorentina this season, having broken into their side in 2023-24.","2025-01-25T13:59:16.911141Z"
171,"1","2025-01-25T13:59:51.444479Z",278,"[{""start"":1,""end"":8,""text"":""Michael"",""labels"":[""PLAYR""]},{""start"":45,""end"":54,""text"":""Brentford"",""labels"":[""TEAM""]},{""start"":118,""end"":127,""text"":""Brentford"",""labels"":[""TEAM""]}]",34.102,"""Michael is a player that we think will suit Brentford and the physical nature of the Premier League very well,"" said Brentford director of football Phil Giles.","2025-01-25T13:59:51.444479Z"
172,"1","2025-01-25T14:00:32.612119Z",279,"[{""start"":0,""end"":6,""text"":""Celtic"",""labels"":[""TEAM""]},{""start"":31,""end"":35,""text"":""Jota"",""labels"":[""PLAYR""]},{""start"":48,""end"":54,""text"":""Rennes"",""labels"":[""TEAM""]},{""start"":16,""end"":21,""text"":""Kyogo"",""labels"":[""PLAYR""]}]",40.722,"Celtic close to Kyogo sale and Jota return from Rennes","2025-01-25T14:00:32.612119Z"
173,"1","2025-01-25T14:01:20.114446Z",280,"[{""start"":0,""end"":6,""text"":""Celtic"",""labels"":[""TEAM""]},{""start"":51,""end"":66,""text"":""Kyogo Furuhashi"",""labels"":[""PLAYR""]},{""start"":70,""end"":76,""text"":""Rennes"",""labels"":[""TEAM""]},{""start"":95,""end"":99,""text"":""Jota"",""labels"":[""PLAYR""]}]",47.037,"Celtic manager Brendan Rodgers expects the sale of Kyogo Furuhashi to Rennes and the return of Jota from the French club to be completed within the next 24 hours.","2025-01-25T14:01:20.114446Z"
174,"1","2025-01-25T14:01:48.355886Z",281,"[{""start"":0,""end"":5,""text"":""Kyogo"",""labels"":[""PLAYR""]},{""start"":46,""end"":52,""text"":""Celtic"",""labels"":[""TEAM""]}]",27.752,"Kyogo left Glasgow within 24 hours of helping Celtic into the knockout stages of the Champions League.","2025-01-25T14:01:48.355886Z"
175,"1","2025-01-25T14:01:55.575486Z",282,"[{""start"":0,""end"":9,""text"":""Hull City"",""labels"":[""TEAM""]},{""start"":17,""end"":24,""text"":""Longman"",""labels"":[""PLAYR""]},{""start"":31,""end"":38,""text"":""Wrexham"",""labels"":[""TEAM""]}]",6.748,"Hull City winger Longman joins Wrexham","2025-01-25T14:01:55.575486Z"
176,"1","2025-01-25T14:02:01.651267Z",283,"[{""start"":0,""end"":7,""text"":""Wrexham"",""labels"":[""TEAM""]},{""start"":20,""end"":29,""text"":""Hull City"",""labels"":[""TEAM""]},{""start"":37,""end"":49,""text"":""Ryan Longman"",""labels"":[""PLAYR""]}]",5.575,"Wrexham have signed Hull City winger Ryan Longman for an undisclosed fee.","2025-01-25T14:02:01.651267Z"
177,"1","2025-01-25T14:02:20.078278Z",284,"[{""start"":0,""end"":7,""text"":""Longman"",""labels"":[""TEAM""]}]",17.967,"Longman has signed a deal until the end of the 2026-27 season with the option of an additional year.","2025-01-25T14:02:20.078278Z"
178,"1","2025-01-25T14:02:29.674049Z",285,"[{""start"":44,""end"":59,""text"":""Birmingham City"",""labels"":[""TEAM""]}]",9.065,"He watched his new club draw 1-1 at home to Birmingham City on Thursday evening.","2025-01-25T14:02:29.674049Z"
179,"1","2025-01-25T14:02:39.682710Z",286,"[{""start"":0,""end"":16,""text"":""Sheffield United"",""labels"":[""TEAM""]},{""start"":22,""end"":28,""text"":""Cannon"",""labels"":[""PLAYR""]},{""start"":34,""end"":43,""text"":""Leicester"",""labels"":[""TEAM""]}]",9.575,"Sheffield United sign Cannon from Leicester","2025-01-25T14:02:39.682710Z"
180,"1","2025-01-25T14:03:03.496418Z",287,"[{""start"":9,""end"":14,""text"":""Giles"",""labels"":[""PLAYR""]},{""start"":26,""end"":30,""text"":""Boro"",""labels"":[""TEAM""]},{""start"":44,""end"":48,""text"":""Hull"",""labels"":[""TEAM""]}]",23.347,"Defender Giles returns to Boro on loan from Hull","2025-01-25T14:03:03.496418Z"
181,"1","2025-01-25T14:04:07.363028Z",288,"[{""start"":38,""end"":51,""text"":""Middlesbrough"",""labels"":[""TEAM""]},{""start"":15,""end"":24,""text"":""Stockport"",""labels"":[""TEAM""]},{""start"":0,""end"":8,""text"":""Hamilton"",""labels"":[""PLAYR""]}]",63.372,"Hamilton joins Stockport on loan from Middlesbrough","2025-01-25T14:04:07.363028Z"
182,"1","2025-01-25T14:04:18.176812Z",289,"[{""start"":0,""end"":16,""text"":""Stockport County"",""labels"":[""TEAM""]},{""start"":50,""end"":64,""text"":""Micah Hamilton"",""labels"":[""PLAYR""]},{""start"":78,""end"":91,""text"":""Middlesbrough"",""labels"":[""TEAM""]}]",10.329,"Stockport County have signed attacking midfielder Micah Hamilton on loan from Middlesbrough until the end of the season.","2025-01-25T14:04:18.176812Z"
183,"1","2025-01-25T14:04:31.110195Z",290,"[{""start"":0,""end"":8,""text"":""Hamilton"",""labels"":[""PLAYR""]},{""start"":48,""end"":63,""text"":""Manchester City"",""labels"":[""TEAM""]}]",12.474,"Hamilton has played 16 times since joining from Manchester City last summer, but he has only started twice in the Championship.","2025-01-25T14:04:31.110195Z"
184,"1","2025-01-25T14:04:46.707534Z",291,"[{""start"":0,""end"":17,""text"":""Nottingham Forest"",""labels"":[""TEAM""]},{""start"":27,""end"":45,""text"":""Andrew Omobamidele"",""labels"":[""PLAYR""]},{""start"":61,""end"":71,""text"":""Strasbourg"",""labels"":[""TEAM""]}]",15.028,"Nottingham Forest defender Andrew Omobamidele is due to join Strasbourg on loan.","2025-01-25T14:04:46.707534Z"
